@Vida, trabajo y voluntad¦verb
عَمِلَ / يَعْمَلُ¦Trabajar; actuar
أَعْمَلُ مِنَ الْبَيْتِ.¦Trabajo desde casa.
عَمِلَ أَبِي فِي مَدْرَسَةٍ.¦Mi padre trabajó en una escuela.
هَلْ تَعْمَلُ يَوْمَ الْجُمُعَةِ؟¦¿Trabajas el viernes?
نَعْمَلُ مَعًا لِحَلِّ الْمُشْكِلَةِ.¦Trabajamos juntos para resolver el problema.

عَاشَ / يَعِيشُ¦Vivir
أَعِيشُ فِي مَدِينَةٍ صَغِيرَةٍ.¦Vivo en una ciudad pequeña.
عَاشَتْ جَدَّتِي حَيَاةً طَوِيلَةً.¦Mi abuela vivió una vida larga.
مَعَ مَنْ تَعِيشُ؟¦¿Con quién vives?
نُرِيدُ أَنْ نَعِيشَ بِهُدُوءٍ.¦Queremos vivir con tranquilidad.

مَاتَ / يَمُوتُ¦Morir
مَاتَ جَدُّهُ مُنْذُ سَنَوَاتٍ.¦Su abuelo murió hace años.
كُلُّ إِنْسَانٍ سَيَمُوتُ.¦Toda persona morirá.
مَاتَتِ الشَّجَرَةُ بِسَبَبِ الْجَفَافِ.¦El árbol murió por la sequía.
لَا تَمُوتُ الذِّكْرَيَاتُ الْجَمِيلَةُ بِسُهُولَةٍ.¦Los recuerdos hermosos no mueren fácilmente.

كَتَبَ / يَكْتُبُ¦Escribir
أَكْتُبُ كَلِمَاتٍ جَدِيدَةً.¦Escribo palabras nuevas.
كَتَبْتُ رِسَالَةً لِأُمِّي.¦Escribí una carta a mi madre.
هَلْ تَكْتُبُ بِالْعَرَبِيَّةِ؟¦¿Escribes en árabe?
كَتَبَ الطَّالِبُ الْجَوَابَ بِوُضُوحٍ.¦El alumno escribió la respuesta con claridad.

أَحَبَّ / يُحِبُّ¦Amar; gustar
أُحِبُّ الْقِرَاءَةَ.¦Me gusta leer.
تُحِبُّ أُخْتِي الْقَهْوَةَ.¦A mi hermana le gusta el café.
أَحْبَبْتُ هَذَا الْمَكَانَ.¦Me encantó este lugar.
هَلْ تُحِبُّ الْمَشْيَ فِي الْمَسَاءِ؟¦¿Te gusta caminar por la tarde?

كَانَ / يَكُونُ¦Ser; estar
كَانَ الْجَوُّ جَمِيلًا.¦Hacía buen tiempo.
سَأَكُونُ فِي الْبَيْتِ غَدًا.¦Estaré en casa mañana.
كُنْتُ طَالِبًا فِي هَذِهِ الْمَدْرَسَةِ.¦Fui alumno de esta escuela.
أُرِيدُ أَنْ أَكُونَ أَبًا صَالِحًا.¦Quiero ser un buen padre.

قَارَبَ / يُقَارِبُ¦Acercarse a; estar a punto de
قَارَبْتُ إِنْهَاءَ الْكِتَابِ.¦Estoy cerca de terminar el libro.
يُقَارِبُ عَدَدُ الطُّلَّابِ مِئَةً.¦El número de alumnos se acerca a cien.
قَارَبَ الْعَمَلُ الِانْتِهَاءَ.¦El trabajo está a punto de terminar.
قَارَبَ عُمْرُهُ الثَّلَاثِينَ.¦Su edad se acercaba a los treinta.

فَهِمَ / يَفْهَمُ¦Comprender
أَفْهَمُ السُّؤَالَ الْآنَ.¦Ahora entiendo la pregunta.
فَهِمَتْ أُخْتِي الدَّرْسَ.¦Mi hermana entendió la lección.
هَلْ تَفْهَمُ مَا أَقُولُ؟¦¿Entiendes lo que digo?
لَمْ نَفْهَمْ سَبَبَ التَّأْخِيرِ.¦No entendimos el motivo del retraso.

@Estudio y comunicación¦verb
أَرَادَ / يُرِيدُ¦Querer
أُرِيدُ كُوبَ مَاءٍ.¦Quiero un vaso de agua.
أَرَادَ أَخِي أَنْ يَسَافِرَ.¦Mi hermano quería viajar.
مَاذَا تُرِيدِينَ أَنْ تَدْرُسِي؟¦¿Qué quieres estudiar?
نُرِيدُ بَيْتًا قَرِيبًا مِنَ الْمَسْجِدِ.¦Queremos una casa cerca de la mezquita.

دَرَسَ / يَدْرُسُ¦Estudiar
أَدْرُسُ الْعَرَبِيَّةَ كُلَّ يَوْمٍ.¦Estudio árabe cada día.
دَرَسَ أَبِي الْهَنْدَسَةَ.¦Mi padre estudió ingeniería.
أَيْنَ تَدْرُسُ أُخْتُكَ؟¦¿Dónde estudia tu hermana?
دَرَسْنَا الْمَوْضُوعَ قَبْلَ الْقَرَارِ.¦Estudiamos el asunto antes de decidir.

ذَهَبَ / يَذْهَبُ¦Ir
أَذْهَبُ إِلَى الْمَسْجِدِ.¦Voy a la mezquita.
ذَهَبْنَا إِلَى السُّوقِ أَمْسِ.¦Ayer fuimos al mercado.
إِلَى أَيْنَ تَذْهَبُ؟¦¿Adónde vas?
سَتَذْهَبُ أُمِّي إِلَى الطَّبِيبِ.¦Mi madre irá al médico.

رَأَى / يَرَى¦Ver; considerar
أَرَى الْبَحْرَ مِنْ نَافِذَتِي.¦Veo el mar desde mi ventana.
رَأَيْتُ صَدِيقِي فِي الْمَسْجِدِ.¦Vi a mi amigo en la mezquita.
هَلْ تَرَى هَذَا الْحَلَّ مُنَاسِبًا؟¦¿Consideras adecuada esta solución?
لَمْ تَرَ أُخْتِي هَذَا الْفِيلْمَ.¦Mi hermana no vio esta película.

اِحْتَكَّ / يَحْتَكُّ بِـ¦Tener contacto con
اِحْتَكَكْتُ بِثَقَافَاتٍ مُخْتَلِفَةٍ.¦Tuve contacto con culturas diferentes.
يَحْتَكُّ الطَّالِبُ بِأَهْلِ اللُّغَةِ.¦El estudiante trata con hablantes nativos.
نَحْتَكُّ بِالنَّاسِ فِي الْعَمَلِ.¦Tratamos con personas en el trabajo.
اِحْتَكَّ الْعَجَلُ بِالْجِدَارِ.¦La rueda rozó la pared.

قَرَأَ / يَقْرَأُ¦Leer
أَقْرَأُ كِتَابًا جَدِيدًا.¦Leo un libro nuevo.
قَرَأَتْ أُمِّي الرِّسَالَةَ.¦Mi madre leyó la carta.
هَلْ قَرَأْتَ هَذِهِ الْقِصَّةَ؟¦¿Has leído esta historia?
نَقْرَأُ الْقُرْآنَ مَعًا.¦Leemos el Corán juntos.

عَرَفَ / يَعْرِفُ¦Conocer; saber
أَعْرِفُ هَذَا الرَّجُلَ.¦Conozco a este hombre.
هَلْ تَعْرِفُ الْعُنْوَانَ؟¦¿Sabes la dirección?
عَرَفْتُ الْحَقِيقَةَ أَمْسِ.¦Ayer conocí la verdad.
لَا تَعْرِفُ الطِّفْلَةُ مَعْنَى الْكَلِمَةِ.¦La niña no sabe qué significa la palabra.

قَالَ / يَقُولُ¦Decir
مَاذَا تَقُولُ؟¦¿Qué dices?
قَالَ أَبِي كَلَامًا مُهِمًّا.¦Mi padre dijo algo importante.
أَقُولُ الْحَقَّ.¦Digo la verdad.
قُلْ لِي مَا حَدَثَ.¦Dime qué pasó.

@Recuerdos y acciones¦verb
نَسِيَ / يَنْسَى¦Olvidar
نَسِيتُ مِفْتَاحِي فِي الْبَيْتِ.¦Olvidé la llave en casa.
لَا تَنْسَ مَوْعِدَكَ.¦No olvides tu cita.
تَنْسَى الْكَلِمَاتِ إِذَا لَمْ تُرَاجِعْهَا.¦Olvidas las palabras si no las repasas.
هَلْ نَسِيتُمْ اسْمَهُ؟¦¿Habéis olvidado su nombre?

جَاءَ / يَجِيءُ¦Venir; llegar
جَاءَ صَدِيقِي مُبَكِّرًا.¦Mi amigo llegó temprano.
يَجِيءُ الْقِطَارُ فِي السَّاعَةِ الْعَاشِرَةِ.¦El tren llega a las diez.
مِنْ أَيْنَ جِئْتَ؟¦¿De dónde vienes?
جَاءَتِ الْأُسْرَةُ لِزِيَارَتِنَا.¦La familia vino a visitarnos.

سَمِعَ / يَسْمَعُ¦Oír; escuchar
أَسْمَعُ صَوْتَ الْمَطَرِ.¦Oigo la lluvia.
سَمِعْتُ الْأَذَانَ.¦Oí la llamada a la oración.
هَلْ تَسْمَعُنِي جَيِّدًا؟¦¿Me oyes bien?
سَمِعَ الطِّفْلُ قِصَّةً جَمِيلَةً.¦El niño escuchó un cuento bonito.

شَرَحَ / يَشْرَحُ¦Explicar
يَشْرَحُ الْمُعَلِّمُ الدَّرْسَ.¦El profesor explica la lección.
شَرَحْتُ لَهَا الْمُشْكِلَةَ.¦Le expliqué el problema.
هَلْ تَشْرَحُ لِي هَذِهِ الْكَلِمَةَ؟¦¿Me explicas esta palabra?
شَرَحْنَا خُطَّتَنَا بِوُضُوحٍ.¦Explicamos nuestro plan con claridad.

دَخَلَ / يَدْخُلُ¦Entrar
دَخَلْتُ الْمَسْجِدَ.¦Entré en la mezquita.
يَدْخُلُ الطُّلَّابُ الْفَصْلَ.¦Los alumnos entran en el aula.
هَلْ يَدْخُلُ الضَّوْءُ مِنْ هُنَا؟¦¿Entra luz por aquí?
دَخَلَ فِي نِقَاشٍ طَوِيلٍ.¦Entró en una discusión larga.

فَتَحَ / يَفْتَحُ¦Abrir
أَفْتَحُ النَّافِذَةَ صَبَاحًا.¦Abro la ventana por la mañana.
فَتَحَتْ أُخْتِي الْكِتَابَ.¦Mi hermana abrió el libro.
مَتَى يَفْتَحُ الْمَتْجَرُ؟¦¿Cuándo abre la tienda?
فَتَحْنَا مَوْضُوعًا جَدِيدًا.¦Abrimos un tema nuevo.

وَفَّرَ / يُوَفِّرُ¦Proporcionar; ahorrar
يُوَفِّرُ الْأَبُ الطَّعَامَ لِأُسْرَتِهِ.¦El padre proporciona comida a su familia.
وَفَّرْتُ وَقْتًا بِالتَّنْظِيمِ.¦Ahorré tiempo organizándome.
هَذَا الْجِهَازُ يُوَفِّرُ الْكَهْرَبَاءَ.¦Este aparato ahorra electricidad.
هَلْ تُوَفِّرُ الشَّرِكَةُ السَّكَنَ؟¦¿La empresa proporciona alojamiento?

شَارَكَ / يُشَارِكُ فِي¦Participar en
أُشَارِكُ فِي الدَّرْسِ.¦Participo en la clase.
شَارَكْنَا فِي تَنْظِيمِ الرِّحْلَةِ.¦Participamos en organizar el viaje.
هَلْ تُشَارِكُ فِي مَصَارِيفِ الْبَيْتِ؟¦¿Contribuyes a los gastos de la casa?
تُشَارِكُ أُخْتِي أَفْكَارَهَا مَعَنَا.¦Mi hermana comparte sus ideas con nosotros.

@Planes y posibilidades¦verb
دَفَعَ / يَدْفَعُ¦Pagar; empujar
دَفَعْتُ الْفَاتُورَةَ.¦Pagué la factura.
يَدْفَعُ الْأَبُ مَصَارِيفَ الدِّرَاسَةِ.¦El padre paga los gastos escolares.
دَفَعَ الطِّفْلُ الْبَابَ.¦El niño empujó la puerta.
هَلْ دَفَعْتَ ثَمَنَ الْكِتَابِ؟¦¿Has pagado el libro?

أَعْطَى / يُعْطِي¦Dar
أَعْطَيْتُ صَدِيقِي كِتَابًا.¦Di un libro a mi amigo.
تُعْطِي الْأُمُّ الطِّفْلَ طَعَامًا.¦La madre da comida al niño.
هَلْ تُعْطِينِي قَلَمًا؟¦¿Me das un bolígrafo?
يُعْطِينِي الْعَمَلُ خِبْرَةً.¦El trabajo me da experiencia.

مَكَّنَ / يُمَكِّنُ مِنْ¦Permitir; hacer posible
مَكَّنَنِي الْعَمَلُ مِنَ السَّفَرِ.¦El trabajo me permitió viajar.
تُمَكِّنُنِي الْقِرَاءَةُ مِنَ التَّعَلُّمِ.¦La lectura me permite aprender.
مَكَّنَتْنَا الْخُطَّةُ مِنْ تَوْفِيرِ الْمَالِ.¦El plan nos permitió ahorrar.
هَلْ يُمَكِّنُكَ وَقْتُكَ مِنَ الْحُضُورِ؟¦¿Tu horario te permite asistir?

تَمَنَّى / يَتَمَنَّى¦Desear
أَتَمَنَّى لَكَ الْخَيْرَ.¦Te deseo lo mejor.
تَمَنَّيْتُ أَنْ أَزُورَ الْمَدِينَةَ.¦Deseaba visitar Medina.
مَاذَا تَتَمَنَّى لِلْمُسْتَقْبَلِ؟¦¿Qué deseas para el futuro?
تَتَمَنَّى أُمِّي أَنْ نَكُونَ بِخَيْرٍ.¦Mi madre desea que estemos bien.

بَذَلَ / يَبْذُلُ¦Dedicar; hacer un esfuerzo
أَبْذُلُ جُهْدِي فِي الدِّرَاسَةِ.¦Me esfuerzo en los estudios.
بَذَلَ أَبِي وَقْتَهُ لِمُسَاعَدَتِنَا.¦Mi padre dedicó su tiempo a ayudarnos.
سَنَبْذُلُ مَا نَسْتَطِيعُ.¦Haremos todo lo que podamos.
هَلْ بَذَلْتَ جُهْدًا كَافِيًا؟¦¿Te has esforzado lo suficiente?

رَغِبَ / يَرْغَبُ فِي¦Desear; querer
أَرْغَبُ فِي تَعَلُّمِ لُغَةٍ جَدِيدَةٍ.¦Deseo aprender otro idioma.
رَغِبَ فِي الْبَقَاءِ هُنَا.¦Quería quedarse aquí.
هَلْ تَرْغَبُ فِي كُوبِ شَايٍ؟¦¿Quieres una taza de té?
نَرْغَبُ فِي حَيَاةٍ بَسِيطَةٍ.¦Deseamos una vida sencilla.

قَامَ / يَقُومُ¦Levantarse; realizar; ocuparse
قَامَ الطِّفْلُ مِنْ مَكَانِهِ.¦El niño se levantó de su sitio.
أَقُومُ بِأَعْمَالِ الْبَيْتِ.¦Hago las tareas de casa.
يَقُومُ أَخِي بِرِعَايَةِ أَبِي.¦Mi hermano se ocupa de cuidar a mi padre.
مَنْ يَقُومُ بِهَذَا الْعَمَلِ؟¦¿Quién realiza este trabajo?

أَتَى / يَأْتِي¦Venir; llegar
أَتَى الضَّيْفُ بَعْدَ الْمَغْرِبِ.¦El invitado vino después del Maghrib.
يَأْتِي الْخَيْرُ مَعَ الصَّبْرِ.¦El bien llega con la paciencia.
مَتَى تَأْتِينَ إِلَى الْبَيْتِ؟¦¿Cuándo vienes a casa?
سَيَأْتِي يَوْمٌ نَفْهَمُ فِيهِ ذَلِكَ.¦Llegará un día en que lo entendamos.

@Cambios y responsabilidades¦verb
أَصْبَحَ / يُصْبِحُ¦Convertirse en; llegar a ser
أَصْبَحَ أَخِي طَبِيبًا.¦Mi hermano se convirtió en médico.
تُصْبِحُ الْحَيَاةُ أَسْهَلَ بِالتَّنْظِيمِ.¦La vida se vuelve más fácil con organización.
أَصْبَحْتُ أَفْهَمُ الْعَرَبِيَّةَ.¦He empezado a entender árabe.
سَيُصْبِحُ هَذَا الطِّفْلُ رَجُلًا.¦Este niño se hará hombre.

أَحْضَرَ / يُحْضِرُ¦Traer
أَحْضَرْتُ الطَّعَامَ.¦Traje la comida.
يُحْضِرُ أَبِي الْأَطْفَالَ مِنَ الْمَدْرَسَةِ.¦Mi padre trae a los niños del colegio.
هَلْ تُحْضِرُ كِتَابَكَ غَدًا؟¦¿Traes tu libro mañana?
أَحْضَرَتْ أُمِّي هَدِيَّةً.¦Mi madre trajo un regalo.

خَدَمَ / يَخْدُمُ¦Servir; atender
أَخْدُمُ وَالِدَيَّ بِحُبٍّ.¦Atiendo a mis padres con cariño.
يَخْدُمُ هَذَا الْمَشْرُوعُ الْمَدِينَةَ.¦Este proyecto sirve a la ciudad.
خَدَمَ الْمُوَظَّفُ الزَّبَائِنَ.¦El empleado atendió a los clientes.
نُرِيدُ أَنْ نَخْدُمَ الْمُجْتَمَعَ.¦Queremos servir a la comunidad.

فَعَلَ / يَفْعَلُ¦Hacer
مَاذَا تَفْعَلُ الْآنَ؟¦¿Qué haces ahora?
فَعَلْتُ مَا أَسْتَطِيعُ.¦Hice lo que pude.
تَفْعَلُ أُخْتِي الْخَيْرَ.¦Mi hermana hace el bien.
لَا تَفْعَلْ ذَلِكَ مَرَّةً أُخْرَى.¦No vuelvas a hacer eso.

دَامَ / يَدُومُ¦Durar; permanecer
دَامَ الدَّرْسُ سَاعَةً.¦La clase duró una hora.
لَا يَدُومُ الْحُزْنُ.¦La tristeza no dura para siempre.
كَمْ دَامَ السَّفَرُ؟¦¿Cuánto duró el viaje?
سَأُسَاعِدُكَ مَا دُمْتَ تَحْتَاجُ إِلَيَّ.¦Te ayudaré mientras me necesites.

اِنْتَهَى / يَنْتَهِي¦Terminar
اِنْتَهَى الدَّرْسُ.¦Terminó la clase.
مَتَى يَنْتَهِي عَمَلُكَ؟¦¿Cuándo termina tu trabajo?
اِنْتَهَيْنَا مِنَ الطَّعَامِ.¦Terminamos de comer.
تَنْتَهِي الْعُطْلَةُ غَدًا.¦Las vacaciones terminan mañana.

عَادَ / يَعُودُ¦Volver
عُدْتُ إِلَى بَلَدِي.¦Volví a mi país.
تَعُودُ أُمِّي فِي الْمَسَاءِ.¦Mi madre vuelve por la tarde.
مَتَى تَعُودُ إِلَى الدِّرَاسَةِ؟¦¿Cuándo vuelves a estudiar?
عَادَ الْهُدُوءُ إِلَى الْبَيْتِ.¦La tranquilidad volvió a la casa.

تَعَلَّقَ / يَتَعَلَّقُ بِـ¦Tener relación con; apegarse a
السُّؤَالُ يَتَعَلَّقُ بِالْعَمَلِ.¦La pregunta se relaciona con el trabajo.
تَعَلَّقَ الطِّفْلُ بِأُمِّهِ.¦El niño se apegó a su madre.
هَذَا الْقَرَارُ يَتَعَلَّقُ بِمُسْتَقْبَلِنَا.¦Esta decisión afecta a nuestro futuro.
هَلْ يَتَعَلَّقُ الْأَمْرُ بِالسَّفَرِ؟¦¿Tiene que ver con el viaje?

@Relaciones y vida diaria¦verb
ذَكَرَ / يَذْكُرُ¦Mencionar; recordar
ذَكَرْتُ هَذَا الْمَوْضُوعَ أَمْسِ.¦Mencioné este asunto ayer.
يَذْكُرُ صَدِيقِي أَيَّامَ الدِّرَاسَةِ.¦Mi amigo recuerda la época de estudios.
لَمْ تَذْكُرْ اسْمَهَا.¦No mencionaste su nombre.
نَذْكُرُ اللهَ كُلَّ يَوْمٍ.¦Recordamos a Allah cada día.

مَلَكَ / يَمْلِكُ¦Poseer; tener
أَمْلِكُ حَاسُوبًا وَاحِدًا.¦Tengo un ordenador.
يَمْلِكُ أَخِي بَيْتًا صَغِيرًا.¦Mi hermano posee una casa pequeña.
هَلْ تَمْلِكُ وَقْتًا لِلْحَدِيثِ؟¦¿Tienes tiempo para hablar?
لَا تَمْلِكُ الْأُسْرَةُ سَيَّارَةً.¦La familia no tiene coche.

تَابَعَ / يُتَابِعُ¦Seguir
أُتَابِعُ الدَّرْسَ بِاهْتِمَامٍ.¦Sigo la clase con interés.
تَابَعْنَا أَخْبَارَ السَّفَرِ.¦Seguimos las noticias del viaje.
يُتَابِعُ الطَّبِيبُ حَالَةَ الْمَرِيضِ.¦El médico sigue el estado del paciente.
هَلْ تُتَابِعُ هَذَا الْمَوْقِعَ؟¦¿Sigues esta página?

سَيْطَرَ / يُسَيْطِرُ عَلَى¦Controlar; dominar
لَا أُرِيدُ أَنْ يُسَيْطِرَ الْهَاتِفُ عَلَى وَقْتِي.¦No quiero que el teléfono controle mi tiempo.
سَيْطَرَ الْخَوْفُ عَلَيْهِ.¦El miedo lo dominó.
تُسَيْطِرُ الشَّرِكَةُ عَلَى السُّوقِ.¦La empresa domina el mercado.
حَاوَلَ أَنْ يُسَيْطِرَ عَلَى غَضَبِهِ.¦Intentó controlar su enfado.

أَكَلَ / يَأْكُلُ¦Comer
آكُلُ مَعَ أُسْرَتِي.¦Como con mi familia.
أَكَلَ الطِّفْلُ تَمْرَةً.¦El niño comió un dátil.
مَاذَا تُحِبُّ أَنْ تَأْكُلَ؟¦¿Qué te gusta comer?
لَمْ نَأْكُلْ بَعْدُ.¦Todavía no hemos comido.

اِدَّعَى / يَدَّعِي¦Afirmar; atribuirse
لَا أَدَّعِي الْكَمَالَ.¦No afirmo ser perfecto.
اِدَّعَى أَنَّهُ يَعْرِفُ الْجَوَابَ.¦Afirmó que sabía la respuesta.
تَدَّعِي الشَّرِكَةُ أَنَّ مُنْتَجَهَا أَفْضَلُ.¦La empresa afirma que su producto es mejor.
هَلْ يَدَّعِي مَا لَيْسَ عِنْدَهُ؟¦¿Se atribuye algo que no tiene?

تَنَاصَحَ / يَتَنَاصَحُ¦Aconsejarse mutuamente
نَتَنَاصَحُ بِالْمَعْرُوفِ.¦Nos aconsejamos en lo correcto.
تَنَاصَحَ الْأَصْدِقَاءُ بِصِدْقٍ.¦Los amigos se aconsejaron con sinceridad.
يَتَنَاصَحُ الزَّوْجَانِ بِهُدُوءٍ.¦Los esposos se aconsejan con calma.
نَتَنَاصَحُ لِتَحْسِينِ عَمَلِنَا.¦Nos aconsejamos para mejorar nuestro trabajo.

سَاعَدَ / يُسَاعِدُ¦Ayudar
أُسَاعِدُ أُمِّي فِي الْبَيْتِ.¦Ayudo a mi madre en casa.
سَاعَدَنِي صَدِيقِي فِي الدِّرَاسَةِ.¦Mi amigo me ayudó a estudiar.
هَلْ تُسَاعِدُنِي فِي حَمْلِ هَذَا؟¦¿Me ayudas a llevar esto?
تُسَاعِدُ الْقِرَاءَةُ عَلَى التَّعَلُّمِ.¦Leer ayuda a aprender.

@Crecimiento y buen trato¦verb
نَشَأَ / يَنْشَأُ¦Crecer; surgir
نَشَأْتُ فِي قَرْيَةٍ.¦Crecí en un pueblo.
يَنْشَأُ الْأَطْفَالُ فِي بَيْتٍ هَادِئٍ.¦Los niños crecen en un hogar tranquilo.
نَشَأَ خِلَافٌ بَيْنَهُمَا.¦Surgió un desacuerdo entre los dos.
مِنْ أَيْنَ يَنْشَأُ هَذَا الْخَوْفُ؟¦¿De dónde surge este miedo?

أَعْجَبَ / يُعْجِبُ¦Gustar; agradar
يُعْجِبُنِي هَذَا الْكِتَابُ.¦Me gusta este libro.
أَعْجَبَتْنِي طَرِيقَةُ شَرْحِهِ.¦Me gustó su forma de explicar.
هَلْ يُعْجِبُكَ الطَّعَامُ؟¦¿Te gusta la comida?
لَمْ يُعْجِبْنَا هَذَا الْقَرَارُ.¦Esta decisión no nos gustó.

عَلِمَ / يَعْلَمُ¦Saber; enterarse
أَعْلَمُ أَنَّ التَّعَلُّمَ يَحْتَاجُ إِلَى صَبْرٍ.¦Sé que aprender requiere paciencia.
عَلِمْتُ بِالْخَبَرِ أَمْسِ.¦Me enteré de la noticia ayer.
هَلْ تَعْلَمُ مَتَى يَصِلُ؟¦¿Sabes cuándo llega?
لَا تَعْلَمُ الْأُسْرَةُ سَبَبَ التَّأْخِيرِ.¦La familia no sabe la razón del retraso.

طَلَبَ / يَطْلُبُ¦Pedir; buscar
طَلَبْتُ كُوبَ مَاءٍ.¦Pedí un vaso de agua.
يَطْلُبُ الطَّالِبُ الْعِلْمَ.¦El estudiante busca conocimiento.
هَلْ تَطْلُبُ مُسَاعَدَةً؟¦¿Pides ayuda?
طَلَبَتْ مِنِّي أَنْ أَنْتَظِرَ.¦Me pidió que esperara.

وَجَبَ / يَجِبُ¦Ser necesario; deber
يَجِبُ عَلَيَّ أَنْ أَدْرُسَ.¦Debo estudiar.
يَجِبُ أَنْ نَحْتَرِمَ الْوَقْتَ.¦Debemos respetar el tiempo.
مَاذَا يَجِبُ أَنْ أَفْعَلَ؟¦¿Qué debo hacer?
وَجَبَ عَلَيْنَا تَغْيِيرُ الْخُطَّةِ.¦Tuvimos que cambiar el plan.

أَحْسَنَ / يُحْسِنُ¦Hacer bien; tratar bien
أُحْسِنُ مُعَامَلَةَ النَّاسِ.¦Trato bien a las personas.
أَحْسَنَ الْمُعَلِّمُ شَرْحَ الدَّرْسِ.¦El profesor explicó bien la lección.
هَلْ تُحْسِنُ اِسْتِعْمَالَ وَقْتِكَ؟¦¿Aprovechas bien tu tiempo?
أَحْسَنَتْ إِلَى جَارَتِهَا.¦Fue bondadosa con su vecina.

اِنْتَظَرَ / يَنْتَظِرُ¦Esperar
أَنْتَظِرُ الْحَافِلَةَ.¦Espero el autobús.
اِنْتَظَرْنَا عِنْدَ الْبَابِ.¦Esperamos junto a la puerta.
مَنْ تَنْتَظِرُ؟¦¿A quién esperas?
تَنْتَظِرُ الْأُسْرَةُ خَبَرًا جَيِّدًا.¦La familia espera buenas noticias.

صَبَرَ / يَصْبِرُ¦Tener paciencia
أَصْبِرُ عَلَى صُعُوبَةِ التَّعَلُّمِ.¦Tengo paciencia con la dificultad de aprender.
صَبَرَتْ أُمِّي عَلَى الْمَرَضِ.¦Mi madre soportó la enfermedad con paciencia.
هَلْ تَصْبِرُ عَلَى الْآخَرِينَ؟¦¿Tienes paciencia con los demás?
نَصْبِرُ حَتَّى يَنْتَهِيَ الْعَمَلُ.¦Tenemos paciencia hasta que termine el trabajo.

@Guía y mejora¦verb
جَعَلَ / يَجْعَلُ¦Hacer; convertir
جَعَلَ الْمَطَرُ الطَّرِيقَ زَلِقًا.¦La lluvia dejó el camino resbaladizo.
يَجْعَلُنِي الْعِلْمُ أَكْثَرَ ثِقَةً.¦El conocimiento me da más confianza.
جَعَلْنَا الْغُرْفَةَ مَكْتَبًا.¦Convertimos la habitación en un despacho.
مَا الَّذِي يَجْعَلُكَ سَعِيدًا؟¦¿Qué te hace feliz?

بَارَكَ / يُبَارِكُ¦Bendecir
بَارَكَ اللهُ فِيكَ.¦Que Allah te bendiga.
نَسْأَلُ اللهَ أَنْ يُبَارِكَ فِي وَقْتِنَا.¦Pedimos a Allah que bendiga nuestro tiempo.
بَارَكَ لَهُمَا فِي زَوَاجِهِمَا.¦Pidió bendiciones para su matrimonio.
يُبَارِكُ اللهُ فِي الرِّزْقِ.¦Allah bendice el sustento.

هَدَى / يَهْدِي¦Guiar
هَدَانِي اللهُ إِلَى الْإِسْلَامِ.¦Allah me guio al Islam.
يَهْدِي الْمُعَلِّمُ الطَّالِبَ إِلَى الصَّوَابِ.¦El profesor guía al alumno hacia lo correcto.
نَسْأَلُ اللهَ أَنْ يَهْدِيَنَا.¦Pedimos a Allah que nos guíe.
هَدَتْنَا الْعَلَامَاتُ إِلَى الطَّرِيقِ.¦Las señales nos guiaron al camino.

ثَبَّتَ / يُثَبِّتُ¦Afianzar; fijar
أَسْأَلُ اللهَ أَنْ يُثَبِّتَنِي.¦Pido a Allah que me mantenga firme.
ثَبَّتَ الْعَامِلُ الرَّفَّ.¦El trabajador fijó la estantería.
تُثَبِّتُ الْمُرَاجَعَةُ الْمَعْلُومَاتِ.¦El repaso afianza la información.
هَلْ ثَبَّتَّ الْمَوْعِدَ؟¦¿Has confirmado la fecha?

لَقِيَ / يَلْقَى¦Encontrarse con
لَقِيتُ صَدِيقِي فِي السُّوقِ.¦Me encontré con mi amigo en el mercado.
يَلْقَى الْمُسَافِرُ نَاسًا جُدُدًا.¦El viajero conoce a personas nuevas.
لَقِينَا صُعُوبَةً فِي السَّفَرِ.¦Encontramos dificultades en el viaje.
سَأَلْقَاكَ غَدًا.¦Me encontraré contigo mañana.

اِعْتَمَدَ / يَعْتَمِدُ عَلَى¦Depender de; apoyarse en
أَعْتَمِدُ عَلَى نَفْسِي.¦Dependo de mí mismo.
اِعْتَمَدَ الطِّفْلُ عَلَى أُمِّهِ.¦El niño dependió de su madre.
يَعْتَمِدُ النَّجَاحُ عَلَى الْعَمَلِ.¦El éxito depende del trabajo.
هَلْ تَعْتَمِدُ عَلَى هَذَا الْمَصْدَرِ؟¦¿Te basas en esta fuente?

حَسَّنَ / يُحَسِّنُ¦Mejorar algo
أُحَسِّنُ نُطْقِي بِالْمُمَارَسَةِ.¦Mejoro mi pronunciación practicando.
حَسَّنَّا تَنْظِيمَ الْبَيْتِ.¦Mejoramos la organización de casa.
يُحَسِّنُ النَّوْمُ الْجَيِّدُ الصِّحَّةَ.¦Dormir bien mejora la salud.
كَيْفَ تُحَسِّنُ لُغَتَكَ؟¦¿Cómo mejoras tu idioma?

أَصْلَحَ / يُصْلِحُ¦Reparar; corregir
أَصْلَحْتُ الْهَاتِفَ.¦Reparé el teléfono.
يُصْلِحُ أَبِي السَّيَّارَةَ.¦Mi padre repara el coche.
نُرِيدُ أَنْ نُصْلِحَ الْخَطَأَ.¦Queremos corregir el error.
هَلْ أَصْلَحْتَ الْخِلَافَ مَعَ صَدِيقِكَ؟¦¿Has resuelto el desacuerdo con tu amigo?

@Identidad y etapas de la vida¦noun
اِسْمٌ¦Nombre
مَا اسْمُكَ؟¦¿Cómo te llamas?
اِسْمِي عِيسَى.¦Me llamo Isa.
كَتَبْتُ اسْمِي فِي الْوَرَقَةِ.¦Escribí mi nombre en la hoja.
نَسِيتُ اسْمَ الْكِتَابِ.¦Olvidé el título del libro.

عُمْرٌ¦Edad; vida
كَمْ عُمْرُكَ؟¦¿Cuántos años tienes?
عُمْرُ أَخِي عَشْرُ سَنَوَاتٍ.¦Mi hermano tiene diez años.
تَعَلَّمْتُ الْعَرَبِيَّةَ فِي عُمْرٍ مُبَكِّرٍ.¦Aprendí árabe a una edad temprana.
قَضَى عُمْرَهُ فِي خِدْمَةِ النَّاسِ.¦Dedicó su vida a servir a la gente.

سَنَةٌ¦Año
دَرَسْتُ هُنَا سَنَةً وَاحِدَةً.¦Estudié aquí un año.
هَذِهِ سَنَةٌ جَدِيدَةٌ.¦Este es un año nuevo.
نَزُورُ أَهْلَنَا كُلَّ سَنَةٍ.¦Visitamos a nuestra familia cada año.
بَدَأْتُ الْعَمَلَ قَبْلَ سَنَتَيْنِ.¦Empecé a trabajar hace dos años.

مُهَنْدِسٌ¦Ingeniero
أَنَا مُهَنْدِسُ بَرْمَجِيَّاتٍ.¦Soy ingeniero de software.
صَمَّمَ الْمُهَنْدِسُ الْجِسْرَ.¦El ingeniero diseñó el puente.
أُخْتِي مُهَنْدِسَةٌ.¦Mi hermana es ingeniera.
نَحْتَاجُ إِلَى مُهَنْدِسٍ لِهَذَا الْمَشْرُوعِ.¦Necesitamos un ingeniero para este proyecto.

بَرْمَجِيَّاتٌ¦Software; programas informáticos
أُطَوِّرُ بَرْمَجِيَّاتٍ لِلْهَاتِفِ.¦Desarrollo software para el teléfono.
هَذِهِ الْبَرْمَجِيَّاتُ سَهْلَةُ الِاسْتِعْمَالِ.¦Este software es fácil de usar.
حَدَّثْتُ بَرْمَجِيَّاتِ الْحَاسُوبِ.¦Actualicé los programas del ordenador.
تَعْمَلُ الشَّرِكَةُ فِي مَجَالِ الْبَرْمَجِيَّاتِ.¦La empresa trabaja en el sector del software.

إِسْلَامٌ¦Islam
أَتَعَلَّمُ عَنِ الْإِسْلَامِ.¦Aprendo sobre el islam.
قَرَأْتُ كِتَابًا عَنِ الْإِسْلَامِ.¦Leí un libro sobre el islam.
دَخَلَ صَدِيقِي فِي الْإِسْلَامِ.¦Mi amigo abrazó el islam.
الْإِسْلَامُ دِينِي.¦El islam es mi religión.

هِجْرَةٌ¦Emigración
كَانَتِ الْهِجْرَةُ قَرَارًا مُهِمًّا.¦Emigrar fue una decisión importante.
بَدَأَ حَيَاةً جَدِيدَةً بَعْدَ الْهِجْرَةِ.¦Empezó una nueva vida después de emigrar.
نَدْرُسُ تَارِيخَ الْهِجْرَةِ.¦Estudiamos la historia de la emigración.
الْهِجْرَةُ إِلَى بَلَدٍ جَدِيدٍ تَحْتَاجُ إِلَى خُطَّةٍ.¦Emigrar a un país nuevo requiere un plan.

مَدِينَةٌ¦Ciudad; Medina con artículo en este contexto
أَعِيشُ فِي مَدِينَةٍ هَادِئَةٍ.¦Vivo en una ciudad tranquila.
زُرْتُ الْمَدِينَةَ الْمُنَوَّرَةَ.¦Visité Medina.
هَذِهِ الْمَدِينَةُ قَرِيبَةٌ مِنَ الْبَحْرِ.¦Esta ciudad está cerca del mar.
اِنْتَقَلْنَا إِلَى مَدِينَةٍ أُخْرَى.¦Nos mudamos a otra ciudad.

شَهْرٌ¦Mes
أَدْفَعُ الْإِيجَارَ كُلَّ شَهْرٍ.¦Pago el alquiler cada mes.
سَأُسَافِرُ بَعْدَ شَهْرٍ.¦Viajaré dentro de un mes.
رَمَضَانُ شَهْرُ الصِّيَامِ.¦Ramadán es el mes del ayuno.
دَرَسْتُ ثَلَاثَةَ أَشْهُرٍ.¦Estudié tres meses.

بَقِيَّةٌ¦Resto
قَرَأْتُ بَقِيَّةَ الْكِتَابِ.¦Leí el resto del libro.
أَيْنَ بَقِيَّةُ الطُّلَّابِ؟¦¿Dónde están los demás alumnos?
سَأَقْضِي بَقِيَّةَ الْيَوْمِ فِي الْبَيْتِ.¦Pasaré el resto del día en casa.
حَفِظْتُ بَقِيَّةَ السُّورَةِ.¦Memoricé el resto de la sura.

@Vida, familia y tecnología¦noun
حَيَاةٌ¦Vida
حَيَاتِي بَسِيطَةٌ.¦Mi vida es sencilla.
الْمَاءُ ضَرُورِيٌّ لِلْحَيَاةِ.¦El agua es necesaria para la vida.
أُرِيدُ حَيَاةً هَادِئَةً.¦Quiero una vida tranquila.
تَغَيَّرَتْ حَيَاتُهُ بَعْدَ الزَّوَاجِ.¦Su vida cambió después del matrimonio.

رَجُلٌ¦Hombre
هَذَا رَجُلٌ كَرِيمٌ.¦Este es un hombre generoso.
سَاعَدْتُ رَجُلًا فِي الطَّرِيقِ.¦Ayudé a un hombre en la calle.
يَعْمَلُ الرَّجُلُ فِي الْمَدْرَسَةِ.¦El hombre trabaja en la escuela.
فِي الْغُرْفَةِ ثَلَاثَةُ رِجَالٍ.¦En la habitación hay tres hombres.

طَبِيعَةٌ¦Naturaleza; carácter
أُحِبُّ الْمَشْيَ فِي الطَّبِيعَةِ.¦Me gusta caminar por la naturaleza.
طَبِيعَتُهُ هَادِئَةٌ.¦Su carácter es tranquilo.
نَدْرُسُ طَبِيعَةَ الْمُشْكِلَةِ.¦Estudiamos la naturaleza del problema.
الطَّبِيعَةُ جَمِيلَةٌ فِي الرَّبِيعِ.¦La naturaleza es hermosa en primavera.

كَلَامٌ¦Habla; palabras
فَهِمْتُ كَلَامَكَ.¦Entendí tus palabras.
لَا أُحِبُّ الْكَلَامَ الْكَثِيرَ.¦No me gusta hablar demasiado.
كَلَامُ الْمُعَلِّمِ وَاضِحٌ.¦Las palabras del profesor son claras.
هَذَا كَلَامٌ طَيِّبٌ.¦Estas son buenas palabras.

وَقْتٌ¦Tiempo
لَيْسَ عِنْدِي وَقْتٌ الْيَوْمَ.¦No tengo tiempo hoy.
مَا وَقْتُ الدَّرْسِ؟¦¿A qué hora es la clase?
أَقْضِي وَقْتِي مَعَ أُسْرَتِي.¦Paso mi tiempo con mi familia.
وَصَلْنَا فِي الْوَقْتِ الْمُنَاسِبِ.¦Llegamos en el momento oportuno.

أُسْرَةٌ¦Familia
أُسْرَتِي كَبِيرَةٌ.¦Mi familia es grande.
أَزُورُ أُسْرَتِي يَوْمَ الْجُمُعَةِ.¦Visito a mi familia el viernes.
نَتَنَاوَلُ الطَّعَامَ مَعَ الْأُسْرَةِ.¦Comemos con la familia.
أُرِيدُ أَنْ أَبْنِيَ أُسْرَةً.¦Quiero formar una familia.

أَمْرٌ¦Asunto; orden
هَذَا أَمْرٌ مُهِمٌّ.¦Este es un asunto importante.
تَحَدَّثْنَا عَنْ هَذَا الْأَمْرِ.¦Hablamos de este asunto.
تَلَقَّى الْجُنْدِيُّ أَمْرًا.¦El soldado recibió una orden.
لَا تَقْلَقْ؛ الْأَمْرُ بَسِيطٌ.¦No te preocupes; el asunto es sencillo.

دُنْيَا¦Vida terrenal; mundo
الدُّنْيَا تَتَغَيَّرُ.¦El mundo cambia.
سَافَرَ إِلَى بُلْدَانٍ كَثِيرَةٍ فِي الدُّنْيَا.¦Viajó a muchos países del mundo.
لَا تُشْغِلْكَ الدُّنْيَا عَنْ أُسْرَتِكَ.¦Que los asuntos mundanos no te distraigan de tu familia.
أَسْأَلُ اللَّهَ الْخَيْرَ فِي الدُّنْيَا وَالْآخِرَةِ.¦Pido a Allah el bien en esta vida y en la otra.

أُسْلُوبٌ¦Estilo; manera
أُحِبُّ أُسْلُوبَكَ فِي الْكَلَامِ.¦Me gusta tu manera de hablar.
هَذَا أُسْلُوبٌ سَهْلٌ لِلتَّعَلُّمِ.¦Esta es una manera fácil de aprender.
أُسْلُوبُ الْكَاتِبِ وَاضِحٌ.¦El estilo del escritor es claro.
غَيَّرْتُ أُسْلُوبِي فِي الْعَمَلِ.¦Cambié mi forma de trabajar.

هَاتِفٌ¦Teléfono
أَيْنَ هَاتِفِي؟¦¿Dónde está mi teléfono?
أَغْلَقْتُ الْهَاتِفَ قَبْلَ الدَّرْسِ.¦Apagué el teléfono antes de la clase.
اِشْتَرَيْتُ هَاتِفًا جَدِيدًا.¦Compré un teléfono nuevo.
تَحَدَّثْتُ مَعَ أُمِّي بِالْهَاتِفِ.¦Hablé con mi madre por teléfono.

@Información y aprendizaje¦noun
حِسَابٌ¦Cuenta; cálculo
فَتَحْتُ حِسَابًا فِي الْبَنْكِ.¦Abrí una cuenta en el banco.
لَا أَمْلِكُ حِسَابًا فِي هَذَا الْمَوْقِعِ.¦No tengo cuenta en este sitio.
دَرَسَ الطِّفْلُ الْحِسَابَ.¦El niño estudió cálculo.
أُرَاجِعُ حِسَابَ الْمَصَارِيفِ.¦Reviso el cálculo de los gastos.

تَوَاصُلٌ¦Comunicación; contacto
التَّوَاصُلُ مَعَ الْأَهْلِ مُهِمٌّ.¦La comunicación con la familia es importante.
نَسْتَعْمِلُ وَسَائِلَ التَّوَاصُلِ.¦Usamos medios de comunicación.
هُنَاكَ تَوَاصُلٌ جَيِّدٌ بَيْنَنَا.¦Hay buena comunicación entre nosotros.
حَافَظْتُ عَلَى التَّوَاصُلِ مَعَ صَدِيقِي.¦Mantuve el contacto con mi amigo.

تِلْفَازٌ¦Televisor; televisión
لَا أُشَاهِدُ التِّلْفَازَ كَثِيرًا.¦No veo mucho la televisión.
التِّلْفَازُ فِي غُرْفَةِ الْجُلُوسِ.¦El televisor está en el salón.
أَطْفِئِ التِّلْفَازَ مِنْ فَضْلِكَ.¦Apaga el televisor, por favor.
شَاهَدْنَا الْأَخْبَارَ عَلَى التِّلْفَازِ.¦Vimos las noticias en la televisión.

شَيْءٌ¦Cosa; algo
أُرِيدُ شَيْئًا لِآكُلَهُ.¦Quiero algo para comer.
كُلُّ شَيْءٍ جَاهِزٌ.¦Todo está preparado.
تَعَلَّمْتُ شَيْئًا جَدِيدًا.¦Aprendí algo nuevo.
لَمْ أَشْتَرِ أَيَّ شَيْءٍ.¦No compré nada.

لُغَةٌ¦Idioma; lengua
الْعَرَبِيَّةُ لُغَةٌ جَمِيلَةٌ.¦El árabe es un idioma hermoso.
أَتَعَلَّمُ لُغَةً جَدِيدَةً.¦Aprendo un idioma nuevo.
مَا لُغَتُكَ الْأُمُّ؟¦¿Cuál es tu lengua materna?
هَذَا الْكِتَابُ بِاللُّغَةِ الْإِسْبَانِيَّةِ.¦Este libro está en español.

رِيَاضَةٌ¦Deporte; ejercicio físico
أُمَارِسُ الرِّيَاضَةَ صَبَاحًا.¦Hago ejercicio por la mañana.
الرِّيَاضَةُ مُفِيدَةٌ لِلْجِسْمِ.¦El deporte es bueno para el cuerpo.
مَا رِيَاضَتُكَ الْمُفَضَّلَةُ؟¦¿Cuál es tu deporte favorito?
خَصَّصْتُ سَاعَةً لِلرِّيَاضَةِ.¦Reservé una hora para hacer ejercicio.

رَاحَةٌ¦Descanso; comodidad
أَحْتَاجُ إِلَى رَاحَةٍ.¦Necesito descansar.
أَشْعُرُ بِالرَّاحَةِ فِي الْبَيْتِ.¦Me siento cómodo en casa.
أَخَذْنَا رَاحَةً بَعْدَ الْعَمَلِ.¦Descansamos después del trabajo.
هَذَا يَوْمُ رَاحَةٍ.¦Este es un día de descanso.

قُرْآنٌ¦Corán
أَقْرَأُ الْقُرْآنَ كُلَّ يَوْمٍ.¦Leo el Corán cada día.
أَحْفَظُ سُورَةً مِنَ الْقُرْآنِ.¦Memorizo una sura del Corán.
أَسْتَمِعُ إِلَى تِلَاوَةِ الْقُرْآنِ.¦Escucho una recitación del Corán.
أَتَعَلَّمُ مَعَانِيَ كَلِمَاتِ الْقُرْآنِ.¦Aprendo los significados de las palabras del Corán.

جُزْءٌ¦Parte; sección
قَرَأْتُ جُزْءًا مِنَ الْكِتَابِ.¦Leí una parte del libro.
هَذَا جُزْءٌ مِنْ خُطَّتِنَا.¦Esto forma parte de nuestro plan.
حَفِظْتُ جُزْءًا مِنَ الْقُرْآنِ.¦Memoricé un juz del Corán.
بَقِيَ جُزْءٌ صَغِيرٌ مِنَ الْعَمَلِ.¦Quedó una pequeña parte del trabajo.

كِتَابٌ¦Libro
هَذَا كِتَابِي.¦Este es mi libro.
اِشْتَرَيْتُ كِتَابًا عَنِ التَّارِيخِ.¦Compré un libro de historia.
وَضَعْتُ الْكِتَابَ عَلَى الطَّاوِلَةِ.¦Puse el libro sobre la mesa.
أَيْنَ الْكِتَابُ الَّذِي قَرَأْتَهُ؟¦¿Dónde está el libro que leíste?

@Familia, rutina y estudio¦noun
دَرْسٌ¦Lección; clase
بَدَأَ الدَّرْسُ.¦Empezó la clase.
فَهِمْتُ هَذَا الدَّرْسَ.¦Entendí esta lección.
عِنْدِي دَرْسٌ غَدًا.¦Tengo una clase mañana.
رَاجَعْنَا الدَّرْسَ مَعًا.¦Repasamos la lección juntos.

زَوْجَةٌ¦Esposa
زَوْجَتِي تُحِبُّ الْقِرَاءَةَ.¦A mi esposa le gusta leer.
تَحَدَّثْتُ مَعَ زَوْجَتِي.¦Hablé con mi esposa.
سَافَرَ مَعَ زَوْجَتِهِ.¦Viajó con su esposa.
سَاعَدَ زَوْجَتَهُ فِي الْبَيْتِ.¦Ayudó a su esposa en casa.

أَهْلٌ¦Familia; gente de un lugar
أَشْتَاقُ إِلَى أَهْلِي.¦Echo de menos a mi familia.
أَهْلُ الْقَرْيَةِ كُرَمَاءُ.¦La gente del pueblo es generosa.
أَتَّصِلُ بِأَهْلِي كُلَّ أُسْبُوعٍ.¦Llamo a mi familia cada semana.
اِسْتَقْبَلَنَا أَهْلُ الْبَيْتِ.¦Nos recibieron los habitantes de la casa.

مُسْتَقْبَلٌ¦Futuro
أُفَكِّرُ فِي الْمُسْتَقْبَلِ.¦Pienso en el futuro.
أَتَمَنَّى لَكَ مُسْتَقْبَلًا طَيِّبًا.¦Te deseo un buen futuro.
نَخَطِّطُ لِمُسْتَقْبَلِ أَوْلَادِنَا.¦Planificamos el futuro de nuestros hijos.
سَأَتَعَلَّمُ لُغَةً أُخْرَى فِي الْمُسْتَقْبَلِ.¦Aprenderé otro idioma en el futuro.

صَلَاةٌ¦Oración ritual
حَانَ وَقْتُ الصَّلَاةِ.¦Ha llegado la hora de la oración.
أَذْهَبُ إِلَى الْمَسْجِدِ لِلصَّلَاةِ.¦Voy a la mezquita para rezar.
صَلَاةُ الْفَجْرِ مُبَكِّرَةٌ.¦La oración del alba es temprano.
أَشْعُرُ بِالسَّكِينَةِ بَعْدَ الصَّلَاةِ.¦Siento serenidad después de la oración.

فَجْرٌ¦Alba
اِسْتَيْقَظْتُ قَبْلَ الْفَجْرِ.¦Me desperté antes del alba.
بَدَأَتِ الرِّحْلَةُ عِنْدَ الْفَجْرِ.¦El viaje empezó al alba.
أُصَلِّي الْفَجْرَ فِي الْمَسْجِدِ.¦Rezo la oración del alba en la mezquita.
كَانَ الْجَوُّ بَارِدًا وَقْتَ الْفَجْرِ.¦Hacía frío al alba.

نَادٍ¦Club
أَذْهَبُ إِلَى النَّادِي بَعْدَ الْعَمَلِ.¦Voy al club después del trabajo.
هَذَا نَادٍ رِيَاضِيٌّ.¦Este es un club deportivo.
اِشْتَرَكْتُ فِي نَادٍ لِلْقِرَاءَةِ.¦Me apunté a un club de lectura.
النَّادِي قَرِيبٌ مِنَ الْبَيْتِ.¦El club está cerca de casa.

سَاعَةٌ¦Hora; reloj
دَرَسْتُ سَاعَةً وَاحِدَةً.¦Estudié una hora.
كَمِ السَّاعَةُ؟¦¿Qué hora es?
اِشْتَرَيْتُ سَاعَةً جَدِيدَةً.¦Compré un reloj nuevo.
يَبْدَأُ الدَّرْسُ فِي السَّاعَةِ التَّاسِعَةِ.¦La clase empieza a las nueve.

تَجْوِيدٌ¦Tajwīd; reglas de recitación coránica
أَدْرُسُ التَّجْوِيدَ.¦Estudio tajwīd.
هَذَا كِتَابٌ فِي التَّجْوِيدِ.¦Este es un libro de tajwīd.
عَلَّمَنِي الشَّيْخُ أَحْكَامَ التَّجْوِيدِ.¦El maestro me enseñó las reglas de tajwīd.
أُرَاجِعُ دَرْسَ التَّجْوِيدِ كُلَّ أُسْبُوعٍ.¦Repaso la lección de tajwīd cada semana.

أُسْبُوعٌ¦Semana
سَأَزُورُكَ الْأُسْبُوعَ الْقَادِمَ.¦Te visitaré la semana que viene.
أَعْمَلُ خَمْسَةَ أَيَّامٍ فِي الْأُسْبُوعِ.¦Trabajo cinco días a la semana.
مَضَى أُسْبُوعٌ عَلَى سَفَرِهِ.¦Ha pasado una semana desde su viaje.
نَلْتَقِي كُلَّ أُسْبُوعٍ.¦Nos encontramos cada semana.

@Historia y relaciones¦noun
نِهَايَةٌ¦Final
وَصَلْنَا إِلَى نِهَايَةِ الطَّرِيقِ.¦Llegamos al final del camino.
أُسَافِرُ فِي نِهَايَةِ الْأُسْبُوعِ.¦Viajo el fin de semana.
نِهَايَةُ الْقِصَّةِ سَعِيدَةٌ.¦El final de la historia es feliz.
اِمْتَحَنَّا فِي نِهَايَةِ الدَّرْسِ.¦Hicimos un examen al final de la clase.

نَفْسٌ¦Alma; uno mismo; mismo
أَتَعَلَّمُ بِنَفْسِي.¦Aprendo por mi cuenta.
أَشْعُرُ بِرَاحَةٍ فِي نَفْسِي.¦Siento paz interior.
جَاءَ فِي نَفْسِ الْوَقْتِ.¦Vino a la misma hora.
عَرَّفْتُ بِنَفْسِي.¦Me presenté.

سِنٌّ¦Edad; diente
بَدَأْتُ الْعَمَلَ فِي سِنٍّ مُبَكِّرَةٍ.¦Empecé a trabajar a una edad temprana.
نَحْنُ فِي نَفْسِ السِّنِّ.¦Tenemos la misma edad.
تُؤْلِمُنِي سِنِّي.¦Me duele un diente.
فَقَدَ الطِّفْلُ سِنًّا.¦El niño perdió un diente.

وَالِدٌ¦Padre
وَالِدِي مُعَلِّمٌ.¦Mi padre es profesor.
سَافَرْتُ مَعَ وَالِدِي.¦Viajé con mi padre.
أُحِبُّ وَالِدَيَّ.¦Quiero a mis padres.
سَاعَدَ الْوَالِدُ ابْنَهُ.¦El padre ayudó a su hijo.

قِصَّةٌ¦Historia; relato
حَكَتْ أُمِّي قِصَّةً.¦Mi madre contó una historia.
هَذِهِ قِصَّةٌ حَقِيقِيَّةٌ.¦Esta es una historia real.
قَرَأْتُ قِصَّةً قَصِيرَةً.¦Leí un relato corto.
مَا نِهَايَةُ الْقِصَّةِ؟¦¿Cuál es el final de la historia?

بَلَدٌ¦País; tierra natal
مِنْ أَيِّ بَلَدٍ أَنْتَ؟¦¿De qué país eres?
زُرْتُ بَلَدًا جَدِيدًا.¦Visité un país nuevo.
أَشْتَاقُ إِلَى بَلَدِي.¦Echo de menos mi país.
تَعَلَّمْتُ لُغَةَ هَذَا الْبَلَدِ.¦Aprendí el idioma de este país.

فِكْرَةٌ¦Idea
عِنْدِي فِكْرَةٌ جَدِيدَةٌ.¦Tengo una idea nueva.
هَذِهِ فِكْرَةٌ جَيِّدَةٌ.¦Esta es una buena idea.
شَرَحْتُ فِكْرَتِي لِصَدِيقِي.¦Expliqué mi idea a mi amigo.
غَيَّرْتُ فِكْرَتِي بَعْدَ النِّقَاشِ.¦Cambié de idea después de la conversación.

رَغْبَةٌ¦Deseo; ganas
عِنْدِي رَغْبَةٌ فِي التَّعَلُّمِ.¦Tengo ganas de aprender.
أَحْتَرِمُ رَغْبَتَكَ.¦Respeto tu deseo.
لَيْسَتْ لَدَيْهِ رَغْبَةٌ فِي السَّفَرِ.¦No tiene ganas de viajar.
حَقَّقْتُ رَغْبَتِي فِي زِيَارَةِ الْمَدِينَةِ.¦Cumplí mi deseo de visitar Medina.

مَعْرِفَةٌ¦Conocimiento
الْقِرَاءَةُ تَزِيدُ الْمَعْرِفَةَ.¦La lectura aumenta el conocimiento.
عِنْدِي مَعْرِفَةٌ بِهَذَا الْمَوْضُوعِ.¦Tengo conocimientos sobre este tema.
أَسْعَى إِلَى مَعْرِفَةِ الْحَقِيقَةِ.¦Busco conocer la verdad.
نَتَبَادَلُ الْمَعْرِفَةَ فِي الدَّرْسِ.¦Compartimos conocimientos en clase.

صَدِيقٌ¦Amigo
هَذَا صَدِيقِي.¦Este es mi amigo.
أَتَحَدَّثُ مَعَ صَدِيقَتِي.¦Hablo con mi amiga.
زُرْتُ صَدِيقًا قَدِيمًا.¦Visité a un viejo amigo.
سَاعَدَنِي أَصْدِقَائِي.¦Mis amigos me ayudaron.

@Hogar y proyectos¦noun
دِرَاسَةٌ¦Estudio; estudios
الدِّرَاسَةُ تَحْتَاجُ إِلَى وَقْتٍ.¦El estudio requiere tiempo.
أَكْمَلْتُ دِرَاسَتِي.¦Terminé mis estudios.
خَصَّصْتُ سَاعَةً لِلدِّرَاسَةِ.¦Reservé una hora para estudiar.
بَدَأَتْ دِرَاسَةُ الْمَشْرُوعِ.¦Comenzó el estudio del proyecto.

أَصْلٌ¦Origen; raíz
مَا أَصْلُ هَذِهِ الْكَلِمَةِ؟¦¿Cuál es el origen de esta palabra?
أَصْلِي مِنْ إِسْبَانِيَا.¦Soy originario de España.
بَحَثْنَا عَنْ أَصْلِ الْمُشْكِلَةِ.¦Buscamos el origen del problema.
هَذَا أَصْلُ الْوَثِيقَةِ.¦Este es el original del documento.

نَظْرَةٌ¦Mirada; punto de vista
أَلْقَيْتُ نَظْرَةً عَلَى الْكِتَابِ.¦Eché un vistazo al libro.
نَظْرَتِي إِلَى الْحَيَاةِ تَغَيَّرَتْ.¦Cambió mi visión de la vida.
فَهِمْتُ مِنْ نَظْرَتِهِ أَنَّهُ حَزِينٌ.¦Entendí por su mirada que estaba triste.
لَهُ نَظْرَةٌ مُخْتَلِفَةٌ إِلَى الْأَمْرِ.¦Tiene otro punto de vista sobre el asunto.

كَلِمَةٌ¦Palabra
مَا مَعْنَى هَذِهِ الْكَلِمَةِ؟¦¿Qué significa esta palabra?
اُكْتُبْ كَلِمَةً جَدِيدَةً.¦Escribe una palabra nueva.
حَفِظْتُ عَشْرَ كَلِمَاتٍ.¦Memoricé diez palabras.
قَالَ كَلِمَةً طَيِّبَةً.¦Dijo unas palabras amables.

مَنْزِلٌ¦Casa; vivienda
مَنْزِلِي قَرِيبٌ مِنَ الْمَسْجِدِ.¦Mi casa está cerca de la mezquita.
رَجَعْتُ إِلَى الْمَنْزِلِ.¦Volví a casa.
نَظَّفْنَا الْمَنْزِلَ.¦Limpiamos la casa.
نَبْحَثُ عَنْ مَنْزِلٍ جَدِيدٍ.¦Buscamos una vivienda nueva.

شَرِكَةٌ¦Empresa
أَعْمَلُ فِي شَرِكَةٍ صَغِيرَةٍ.¦Trabajo en una empresa pequeña.
أَسَّسَ أَخِي شَرِكَةً.¦Mi hermano fundó una empresa.
هَذِهِ الشَّرِكَةُ تُطَوِّرُ بَرْمَجِيَّاتٍ.¦Esta empresa desarrolla software.
اِتَّصَلْتُ بِالشَّرِكَةِ.¦Contacté con la empresa.

زَوَاجٌ¦Matrimonio; casamiento
أُفَكِّرُ فِي الزَّوَاجِ.¦Pienso en casarme.
كَانَ الزَّوَاجُ بَدَايَةً جَدِيدَةً.¦El matrimonio fue un nuevo comienzo.
حَضَرْنَا حَفْلَ زَوَاجٍ.¦Asistimos a una boda.
الزَّوَاجُ مَسْؤُولِيَّةٌ.¦El matrimonio es una responsabilidad.

طَعَامٌ¦Comida
الطَّعَامُ جَاهِزٌ.¦La comida está lista.
أُحِبُّ الطَّعَامَ الْبَسِيطَ.¦Me gusta la comida sencilla.
أَعْدَدْتُ الطَّعَامَ لِأُسْرَتِي.¦Preparé la comida para mi familia.
لَا تُسْرِفْ فِي الطَّعَامِ.¦No derroches comida.

اِبْنٌ¦Hijo
ابْنِي يَدْرُسُ الْعَرَبِيَّةَ.¦Mi hijo estudia árabe.
سَاعَدَ الْأَبُ ابْنَهُ.¦El padre ayudó a su hijo.
عِنْدَهُ ابْنَانِ.¦Tiene dos hijos.
أَهْتَمُّ بِتَرْبِيَةِ أَبْنَائِي.¦Me ocupo de la crianza de mis hijos.

مَالٌ¦Dinero; bienes
أَدَّخِرُ الْمَالَ لِلسَّفَرِ.¦Ahorro dinero para viajar.
لَيْسَ عِنْدِي مَالٌ كَافٍ.¦No tengo suficiente dinero.
أَنْفَقْتُ الْمَالَ عَلَى الْكُتُبِ.¦Gasté el dinero en libros.
يُسَاعِدُ الْفُقَرَاءَ بِمَالِهِ.¦Ayuda a los pobres con su dinero.

@Necesidades e intenciones¦noun
مَعِيشَةٌ¦Sustento; condiciones de vida
تَكَالِيفُ الْمَعِيشَةِ مُرْتَفِعَةٌ.¦El coste de vida es alto.
أَعْمَلُ لِتَوْفِيرِ الْمَعِيشَةِ لِأُسْرَتِي.¦Trabajo para mantener a mi familia.
أُرِيدُ مَعِيشَةً بَسِيطَةً.¦Quiero una vida sencilla.
تَحَسَّنَتْ ظُرُوفُ مَعِيشَتِهِ.¦Mejoraron sus condiciones de vida.

إِسْرَافٌ¦Derroche; exceso
الْإِسْرَافُ فِي الْمَاءِ سَيِّئٌ.¦Derrochar agua está mal.
نَتَجَنَّبُ الْإِسْرَافَ فِي الطَّعَامِ.¦Evitamos derrochar comida.
لَا أُحِبُّ الْإِسْرَافَ فِي الْمَصَارِيفِ.¦No me gusta gastar en exceso.
هَذَا إِسْرَافٌ فِي الْوَقْتِ.¦Esto es desperdiciar el tiempo.

طَارِئٌ¦Imprevisto; emergencia
ظَهَرَ طَارِئٌ فِي الْعَمَلِ.¦Surgió un imprevisto en el trabajo.
أَدَّخِرُ مَالًا لِأَيِّ طَارِئٍ.¦Ahorro dinero para cualquier imprevisto.
أَجَّلْنَا الرِّحْلَةَ بِسَبَبِ طَارِئٍ.¦Aplazamos el viaje por un imprevisto.
عِنْدَنَا خُطَّةٌ لِلطَّوَارِئِ.¦Tenemos un plan para emergencias.

سَبَبٌ¦Motivo; causa
مَا سَبَبُ التَّأْخِيرِ؟¦¿Cuál es el motivo del retraso?
سَبَبُ فَرَحِي نَجَاحُكَ.¦El motivo de mi alegría es tu éxito.
رَجَعْتُ بِسَبَبِ الْمَطَرِ.¦Volví por la lluvia.
هُنَاكَ أَسْبَابٌ كَثِيرَةٌ لِهَذَا الْقَرَارِ.¦Hay muchas razones para esta decisión.

نِيَّةٌ¦Intención
نِيَّتِي أَنْ أَتَعَلَّمَ.¦Mi intención es aprender.
عِنْدِي نِيَّةٌ لِلسَّفَرِ.¦Tengo intención de viajar.
سَاعَدْتُهُ بِنِيَّةٍ طَيِّبَةٍ.¦Lo ayudé con buena intención.
النِّيَّةُ مُهِمَّةٌ فِي الْعَمَلِ.¦La intención es importante en lo que hacemos.

مُدَّةٌ¦Duración; periodo
مَا مُدَّةُ الدَّرْسِ؟¦¿Cuánto dura la clase?
دَرَسْتُ مُدَّةَ شَهْرٍ.¦Estudié durante un mes.
لَمْ أَرَكَ مُنْذُ مُدَّةٍ.¦Hace tiempo que no te veo.
اِنْتَهَتْ مُدَّةُ الْعَقْدِ.¦Terminó el plazo del contrato.

زَمَنٌ¦Tiempo; época
كَانَ ذَلِكَ فِي زَمَنٍ قَدِيمٍ.¦Eso ocurrió en una época antigua.
تَغَيَّرَتِ الْحَيَاةُ مَعَ الزَّمَنِ.¦La vida cambió con el tiempo.
اِسْتَغْرَقَ الْعَمَلُ زَمَنًا طَوِيلًا.¦El trabajo llevó mucho tiempo.
نَدْرُسُ زَمَنَ الْفِعْلِ.¦Estudiamos el tiempo verbal.

كَمَالٌ¦Perfección
لَا أَدَّعِي الْكَمَالَ.¦No pretendo ser perfecto.
الْكَمَالُ هَدَفٌ صَعْبٌ.¦La perfección es una meta difícil.
لَا تَنْتَظِرِ الْكَمَالَ لِتَبْدَأَ.¦No esperes a la perfección para empezar.
يَبْحَثُ عَنِ الْكَمَالِ فِي عَمَلِهِ.¦Busca la perfección en su trabajo.

دِينٌ¦Religión
الْإِسْلَامُ دِينِي.¦El islam es mi religión.
أَتَعَلَّمُ أُمُورَ دِينِي.¦Aprendo sobre mi religión.
قَرَأْتُ كِتَابًا عَنِ الدِّينِ.¦Leí un libro sobre religión.
يَحْتَرِمُ دِينَ غَيْرِهِ.¦Respeta la religión de los demás.

طَاعَةٌ¦Obediencia
أَسْعَى إِلَى طَاعَةِ اللَّهِ.¦Procuro obedecer a Allah.
طَاعَةُ الْوَالِدَيْنِ فِي الْمَعْرُوفِ مِنَ الْبِرِّ.¦Obedecer a los padres en lo bueno forma parte del buen trato hacia ellos.
تَحَدَّثَ الْمُعَلِّمُ عَنِ الطَّاعَةِ.¦El profesor habló de la obediencia.
الطَّاعَةُ تَحْتَاجُ إِلَى فَهْمٍ.¦La obediencia requiere comprensión.

@Valores y compañía¦noun
طُمَأْنِينَةٌ¦Tranquilidad; sosiego
أَشْعُرُ بِالطُّمَأْنِينَةِ هُنَا.¦Aquí siento tranquilidad.
وَجَدْتُ الطُّمَأْنِينَةَ فِي الصَّلَاةِ.¦Encontré sosiego en la oración.
كَلَامُ أُمِّي يَمْنَحُنِي الطُّمَأْنِينَةَ.¦Las palabras de mi madre me dan tranquilidad.
نَحْتَاجُ إِلَى الطُّمَأْنِينَةِ بَعْدَ الْخَوْفِ.¦Necesitamos tranquilidad después del miedo.

سُنَّةٌ¦Sunna; tradición profética
أَدْرُسُ السُّنَّةَ النَّبَوِيَّةَ.¦Estudio la tradición profética.
هَذَا كِتَابٌ عَنِ السُّنَّةِ.¦Este es un libro sobre la Sunna.
أُحِبُّ تَعَلُّمَ السُّنَّةِ.¦Me gusta aprender la Sunna.
شَرَحَ الْمُعَلِّمُ الْفَرْقَ بَيْنَ سَنَةٍ وَسُنَّةٍ.¦El profesor explicó la diferencia entre «año» y «Sunna».

خُلُقٌ¦Carácter moral; conducta
هُوَ حَسَنُ الْخُلُقِ.¦Tiene buen carácter.
الصِّدْقُ خُلُقٌ جَمِيلٌ.¦La sinceridad es una virtud hermosa.
أَهْتَمُّ بِأَخْلَاقِ أَبْنَائِي.¦Me importa la conducta de mis hijos.
أُقَدِّرُ خُلُقَهُ الطَّيِّبَ.¦Valoro su buen carácter.

بَسَاطَةٌ¦Sencillez
أُحِبُّ الْبَسَاطَةَ.¦Me gusta la sencillez.
بَسَاطَةُ الْبَيْتِ تُرِيحُنِي.¦La sencillez de la casa me hace sentir cómodo.
شَرَحَ الْفِكْرَةَ بِبَسَاطَةٍ.¦Explicó la idea con sencillez.
فِي أُسْلُوبِهِ بَسَاطَةٌ.¦Su estilo tiene sencillez.

عِبَادَةٌ¦Adoración; acto de culto
الصَّلَاةُ عِبَادَةٌ.¦La oración es un acto de culto.
أَتَعَلَّمُ عَنْ الْعِبَادَةِ.¦Aprendo sobre la adoración.
خَصَّصْتُ وَقْتًا لِلْعِبَادَةِ.¦Reservé tiempo para la adoración.
يَحْرِصُ عَلَى الْعِبَادَةِ فِي سَفَرِهِ.¦Procura mantener sus actos de culto durante el viaje.

رَفِيقَةٌ¦Compañera
هَذِهِ رَفِيقَتِي فِي الدِّرَاسَةِ.¦Esta es mi compañera de estudios.
سَافَرْتُ مَعَ رَفِيقَتِي.¦Viajé con mi compañera.
أَتَمَنَّى رَفِيقَةً صَالِحَةً لِلْحَيَاةِ.¦Deseo una buena compañera de vida.
سَاعَدَتْنِي رَفِيقَتِي فِي الْعَمَلِ.¦Mi compañera me ayudó en el trabajo.

حَقٌّ¦Derecho; verdad
لَكَ حَقٌّ فِي الرَّاحَةِ.¦Tienes derecho a descansar.
أَنْتَ عَلَى حَقٍّ.¦Tienes razón.
نَحْتَرِمُ حُقُوقَ الْآخَرِينَ.¦Respetamos los derechos de los demás.
قَالَ كَلِمَةَ الْحَقِّ.¦Dijo la verdad.

ظَرْفٌ¦Circunstancia; sobre
ظُرُوفُ الْعَمَلِ جَيِّدَةٌ.¦Las condiciones de trabajo son buenas.
مَرَرْتُ بِظَرْفٍ صَعْبٍ.¦Pasé por una circunstancia difícil.
وَضَعْتُ الرِّسَالَةَ فِي ظَرْفٍ.¦Puse la carta en un sobre.
نُسَاعِدُ بَعْضَنَا فِي كُلِّ ظَرْفٍ.¦Nos ayudamos en cualquier circunstancia.

وُضُوحٌ¦Claridad
أُحِبُّ الْوُضُوحَ فِي الْكَلَامِ.¦Me gusta la claridad al hablar.
شَرَحْتُ الْخُطَّةَ بِوُضُوحٍ.¦Expliqué el plan con claridad.
وُضُوحُ الصُّورَةِ جَيِّدٌ.¦La imagen tiene buena nitidez.
نَحْتَاجُ إِلَى وُضُوحٍ فِي الْأَهْدَافِ.¦Necesitamos claridad en los objetivos.

اِمْرَأَةٌ¦Mujer
هَذِهِ امْرَأَةٌ كَرِيمَةٌ.¦Esta es una mujer generosa.
تَعْمَلُ الْمَرْأَةُ فِي الْمَدْرَسَةِ.¦La mujer trabaja en la escuela.
سَاعَدْتُ امْرَأَةً فِي الطَّرِيقِ.¦Ayudé a una mujer en la calle.
فِي الْفَصْلِ نِسَاءٌ وَرِجَالٌ.¦En la clase hay mujeres y hombres.

@Cuidado y aspiraciones¦noun
أُمٌّ¦Madre
أُمِّي تُحِبُّ الْقِرَاءَةَ.¦A mi madre le gusta leer.
اِتَّصَلْتُ بِأُمِّي.¦Llamé a mi madre.
سَاعَدَ الطِّفْلُ أُمَّهُ.¦El niño ayudó a su madre.
الْأُمَّهَاتُ يَهْتَمِمْنَ بِأَطْفَالِهِنَّ.¦Las madres se ocupan de sus hijos.

عَيْبٌ¦Defecto
لَا أُخْفِي عُيُوبِي.¦No oculto mis defectos.
فِي هَذَا الْهَاتِفِ عَيْبٌ.¦Este teléfono tiene un defecto.
لِكُلِّ إِنْسَانٍ عُيُوبٌ.¦Todo ser humano tiene defectos.
أُحَاوِلُ إِصْلَاحَ هَذَا الْعَيْبِ.¦Intento corregir este defecto.

طَرِيقَةٌ¦Manera; método
هَذِهِ طَرِيقَةٌ سَهْلَةٌ.¦Este es un método fácil.
أُحِبُّ طَرِيقَتَكَ فِي الشَّرْحِ.¦Me gusta tu manera de explicar.
غَيَّرْنَا طَرِيقَةَ الْعَمَلِ.¦Cambiamos la manera de trabajar.
مَا أَفْضَلُ طَرِيقَةٍ لِلْحِفْظِ؟¦¿Cuál es el mejor método para memorizar?

ذُرِّيَّةٌ¦Descendencia
أَتَمَنَّى ذُرِّيَّةً صَالِحَةً.¦Deseo una descendencia buena y virtuosa.
أَدْعُو اللَّهَ أَنْ يُصْلِحَ ذُرِّيَّتِي.¦Pido a Allah que haga virtuosa a mi descendencia.
يَهْتَمُّ بِتَرْبِيَةِ ذُرِّيَّتِهِ.¦Se ocupa de educar a su descendencia.
رَوَى الْجَدُّ الْقِصَّةَ لِذُرِّيَّتِهِ.¦El abuelo contó la historia a sus descendientes.

آخِرَةٌ¦Vida futura; más allá
أُؤْمِنُ بِالْآخِرَةِ.¦Creo en la vida futura.
أَسْأَلُ اللَّهَ الْخَيْرَ فِي الْآخِرَةِ.¦Pido a Allah el bien en la vida futura.
قَرَأْنَا عَنْ الْآخِرَةِ.¦Leímos sobre el más allá.
أَرْجُو رَحْمَةَ اللَّهِ فِي الدُّنْيَا وَالْآخِرَةِ.¦Espero la misericordia de Allah en esta vida y en la otra.

تَوْفِيقٌ¦Éxito; ayuda divina para acertar
أَسْأَلُ اللَّهَ التَّوْفِيقَ.¦Pido a Allah que me ayude a acertar.
أَتَمَنَّى لَكَ التَّوْفِيقَ فِي دِرَاسَتِكَ.¦Te deseo éxito en tus estudios.
نَحْتَاجُ إِلَى التَّوْفِيقِ فِي هَذَا الْقَرَارِ.¦Necesitamos acertar en esta decisión.
كَانَ نَجَاحُهُ بِتَوْفِيقِ اللَّهِ.¦Su éxito fue gracias a la ayuda de Allah.

@Carácter y preferencias¦adjective
هَادِئٌ¦Tranquilo
هُوَ شَخْصٌ هَادِئٌ.¦Es una persona tranquila.
هَذَا مَكَانٌ هَادِئٌ.¦Este es un lugar tranquilo.
صَوْتُهَا هَادِئٌ.¦Su voz es tranquila.
قَضَيْنَا لَيْلَةً هَادِئَةً.¦Pasamos una noche tranquila.

بَسِيطٌ¦Sencillo
هَذَا سُؤَالٌ بَسِيطٌ.¦Esta es una pregunta sencilla.
أُحِبُّ الْحَيَاةَ الْبَسِيطَةَ.¦Me gusta la vida sencilla.
أَعْدَدْتُ طَعَامًا بَسِيطًا.¦Preparé una comida sencilla.
الشَّرْحُ بَسِيطٌ وَوَاضِحٌ.¦La explicación es sencilla y clara.

مُتَوَاضِعٌ¦Humilde; modesto
هُوَ رَجُلٌ مُتَوَاضِعٌ.¦Es un hombre humilde.
نَعِيشُ فِي بَيْتٍ مُتَوَاضِعٍ.¦Vivimos en una casa modesta.
مُعَلِّمَتِي مُتَوَاضِعَةٌ.¦Mi profesora es humilde.
ظَلَّ مُتَوَاضِعًا بَعْدَ نَجَاحِهِ.¦Siguió siendo humilde después de su éxito.

مُسْتَقِرٌّ¦Estable
عِنْدِي عَمَلٌ مُسْتَقِرٌّ.¦Tengo un trabajo estable.
أُرِيدُ حَيَاةً مُسْتَقِرَّةً.¦Quiero una vida estable.
السِّعْرُ مُسْتَقِرٌّ هَذَا الشَّهْرَ.¦El precio es estable este mes.
حَالَةُ الْمَرِيضِ مُسْتَقِرَّةٌ.¦El estado del paciente es estable.

مُهِمٌّ¦Importante
هَذَا أَمْرٌ مُهِمٌّ.¦Este es un asunto importante.
الصَّحَّةُ مُهِمَّةٌ.¦La salud es importante.
عِنْدِي اجْتِمَاعٌ مُهِمٌّ.¦Tengo una reunión importante.
هَذِهِ كَلِمَةٌ مُهِمَّةٌ فِي الدَّرْسِ.¦Esta es una palabra importante en la lección.

اِجْتِمَاعِيٌّ¦Sociable; social
أَخِي شَخْصٌ اجْتِمَاعِيٌّ.¦Mi hermano es sociable.
أُحِبُّ الْأَنْشِطَةَ الِاجْتِمَاعِيَّةَ.¦Me gustan las actividades sociales.
هَذِهِ مُشْكِلَةٌ اجْتِمَاعِيَّةٌ.¦Este es un problema social.
صَدِيقَتِي اجْتِمَاعِيَّةٌ.¦Mi amiga es sociable.

مُرْتَاحٌ¦Cómodo; a gusto
أَنَا مُرْتَاحٌ هُنَا.¦Estoy a gusto aquí.
أَشْعُرُ أَنَّنِي مُرْتَاحٌ فِي هَذَا الْعَمَلِ.¦Siento que estoy a gusto en este trabajo.
هِيَ مُرْتَاحَةٌ بَعْدَ الرَّاحَةِ.¦Ella se siente bien después de descansar.
هَلْ أَنْتَ مُرْتَاحٌ فِي هَذَا الْبَيْتِ؟¦¿Estás a gusto en esta casa?

بَعِيدٌ¦Lejano; distante
الْمَطَارُ بَعِيدٌ.¦El aeropuerto está lejos.
أَعِيشُ بَعِيدًا عَنْ أَهْلِي.¦Vivo lejos de mi familia.
هَذِهِ قَرْيَةٌ بَعِيدَةٌ.¦Este es un pueblo lejano.
السَّفَرُ مَا زَالَ بَعِيدًا.¦Todavía falta mucho para el viaje.

كَرِيمٌ¦Generoso
أَبِي رَجُلٌ كَرِيمٌ.¦Mi padre es generoso.
هَذِهِ امْرَأَةٌ كَرِيمَةٌ.¦Esta es una mujer generosa.
اِسْتَقْبَلَنَا مُضِيفٌ كَرِيمٌ.¦Nos recibió un anfitrión generoso.
كُنْ كَرِيمًا مَعَ ضَيْفِكَ.¦Sé generoso con tu invitado.

فَصِيحٌ¦Elocuente; propio del árabe estándar
كَلَامُهُ فَصِيحٌ.¦Su habla es elocuente.
أَتَعَلَّمُ الْعَرَبِيَّةَ الْفُصْحَى.¦Aprendo árabe estándar.
هَذَا خَطِيبٌ فَصِيحٌ.¦Este es un orador elocuente.
كَتَبَ بِلُغَةٍ فَصِيحَةٍ.¦Escribió en un lenguaje elocuente.

@Rutina y organización¦adjective
يَوْمِيٌّ¦Diario
الْمَشْيُ نَشَاطٌ يَوْمِيٌّ لِي.¦Caminar es una actividad diaria para mí.
عِنْدِي خُطَّةٌ يَوْمِيَّةٌ.¦Tengo un plan diario.
أَقْرَأُ الصَّحِيفَةَ الْيَوْمِيَّةَ.¦Leo el periódico diario.
هَذَا جُزْءٌ مِنْ رُوتِينِي الْيَوْمِيِّ.¦Esto forma parte de mi rutina diaria.

مُنَظَّمٌ¦Organizado
مَكْتَبِي مُنَظَّمٌ.¦Mi escritorio está organizado.
هِيَ شَخْصٌ مُنَظَّمٌ.¦Ella es una persona organizada.
عِنْدِي جَدْوَلٌ مُنَظَّمٌ.¦Tengo un horario organizado.
كَانَ الْحَفْلُ مُنَظَّمًا.¦La celebración estuvo organizada.

كَبِيرٌ¦Grande; mayor
هَذَا بَيْتٌ كَبِيرٌ.¦Esta es una casa grande.
أَخِي الْكَبِيرُ يَعْمَلُ هُنَا.¦Mi hermano mayor trabaja aquí.
عِنْدِي أُسْرَةٌ كَبِيرَةٌ.¦Tengo una familia grande.
بَذَلْنَا جُهْدًا كَبِيرًا.¦Hicimos un gran esfuerzo.

مَسْؤُولٌ¦Responsable; encargado
أَنَا مَسْؤُولٌ عَنِ الْمَشْرُوعِ.¦Soy responsable del proyecto.
هِيَ مَسْؤُولَةٌ عَنِ الْحِسَابَاتِ.¦Ella se encarga de las cuentas.
نَحْتَاجُ إِلَى شَخْصٍ مَسْؤُولٍ.¦Necesitamos una persona responsable.
مَنْ مَسْؤُولٌ عَنْ هَذَا الْخَطَأِ؟¦¿Quién es responsable de este error?

مُبَكِّرٌ¦Temprano
وَصَلْتُ فِي وَقْتٍ مُبَكِّرٍ.¦Llegué temprano.
اِسْتَيْقَظْتُ مُبَكِّرًا.¦Me desperté temprano.
هَذَا مَوْعِدٌ مُبَكِّرٌ.¦Esta es una cita temprana.
نَنَامُ فِي سَاعَةٍ مُبَكِّرَةٍ.¦Nos acostamos a una hora temprana.

مَادِّيٌّ¦Material; económico
أَحْتَاجُ إِلَى دَعْمٍ مَادِّيٍّ.¦Necesito apoyo económico.
ظُرُوفُهُ الْمَادِّيَّةُ جَيِّدَةٌ.¦Su situación económica es buena.
الْمَالُ شَيْءٌ مَادِّيٌّ.¦El dinero es algo material.
نَدْرُسُ الْجَانِبَ الْمَادِّيَّ لِلْمَشْرُوعِ.¦Estudiamos el aspecto económico del proyecto.

مُخْتَلِفٌ¦Diferente
عِنْدِي رَأْيٌ مُخْتَلِفٌ.¦Tengo una opinión diferente.
هَذِهِ طَرِيقَةٌ مُخْتَلِفَةٌ.¦Este es un método diferente.
نَعِيشُ فِي بَلَدَيْنِ مُخْتَلِفَيْنِ.¦Vivimos en dos países diferentes.
طَعْمُ هَذَا الطَّعَامِ مُخْتَلِفٌ.¦El sabor de esta comida es diferente.

مُتَعَدِّدٌ¦Múltiple; diverso
لَهُ اهْتِمَامَاتٌ مُتَعَدِّدَةٌ.¦Tiene diversos intereses.
هُنَاكَ أَسْبَابٌ مُتَعَدِّدَةٌ.¦Hay múltiples razones.
هَذَا بَرْنَامَجٌ مُتَعَدِّدُ اللُّغَاتِ.¦Este es un programa multilingüe.
زُرْتُ بُلْدَانًا مُتَعَدِّدَةً.¦Visité diversos países.

مُطْلَقٌ¦Absoluto; total
لَا أُرِيدُ حُرِّيَّةً مُطْلَقَةً.¦No quiero libertad absoluta.
هَذَا حُكْمٌ مُطْلَقٌ.¦Este es un juicio absoluto.
كَانَ الصَّمْتُ مُطْلَقًا.¦El silencio era total.
لَيْسَ عِنْدِي يَقِينٌ مُطْلَقٌ.¦No tengo certeza absoluta.

صَادِقٌ¦Sincero; veraz
هُوَ صَادِقٌ فِي كَلَامِهِ.¦Es sincero en lo que dice.
أُرِيدُ صَدِيقًا صَادِقًا.¦Quiero un amigo sincero.
هَذِهِ رَغْبَةٌ صَادِقَةٌ.¦Este es un deseo sincero.
كُنْ صَادِقًا مَعَ نَفْسِكَ.¦Sé sincero contigo mismo.

@Tiempo y situaciones¦adjective
طَوِيلٌ¦Largo; alto
هَذَا طَرِيقٌ طَوِيلٌ.¦Este es un camino largo.
أَخِي طَوِيلٌ.¦Mi hermano es alto.
اِنْتَظَرْتُ مُدَّةً طَوِيلَةً.¦Esperé mucho tiempo.
قَرَأْتُ قِصَّةً طَوِيلَةً.¦Leí una historia larga.

قَدِيمٌ¦Antiguo; viejo
هَذَا كِتَابٌ قَدِيمٌ.¦Este es un libro antiguo.
زُرْتُ صَدِيقًا قَدِيمًا.¦Visité a un viejo amigo.
نَعِيشُ فِي مَدِينَةٍ قَدِيمَةٍ.¦Vivimos en una ciudad antigua.
هَاتِفِي الْقَدِيمُ مَا زَالَ يَعْمَلُ.¦Mi teléfono viejo todavía funciona.

مُوَافِقٌ¦De acuerdo; conforme
أَنَا مُوَافِقٌ عَلَى الْخُطَّةِ.¦Estoy de acuerdo con el plan.
هِيَ مُوَافِقَةٌ عَلَى الْمَوْعِدِ.¦Ella está de acuerdo con la fecha.
هَذَا الْعَمَلُ مُوَافِقٌ لِلْقَوَاعِدِ.¦Este trabajo cumple las normas.
هَلْ أَنْتَ مُوَافِقٌ عَلَى السَّفَرِ؟¦¿Estás de acuerdo con el viaje?

عَجِيبٌ¦Sorprendente; extraño
هَذَا خَبَرٌ عَجِيبٌ.¦Esta es una noticia sorprendente.
سَمِعْتُ قِصَّةً عَجِيبَةً.¦Oí una historia sorprendente.
صَوْتُهُ عَجِيبٌ.¦Su voz es extraña.
حَدَثَ أَمْرٌ عَجِيبٌ الْيَوْمَ.¦Hoy sucedió algo sorprendente.

أَسَاسِيٌّ¦Básico; esencial
الْمَاءُ احْتِيَاجٌ أَسَاسِيٌّ.¦El agua es una necesidad básica.
تَعَلَّمْتُ الْكَلِمَاتِ الْأَسَاسِيَّةَ.¦Aprendí las palabras básicas.
هَذَا جُزْءٌ أَسَاسِيٌّ مِنَ الْخُطَّةِ.¦Esta es una parte esencial del plan.
الصِّدْقُ قِيمَةٌ أَسَاسِيَّةٌ.¦La sinceridad es un valor esencial.

مُؤَقَّتٌ¦Temporal
هَذَا عَمَلٌ مُؤَقَّتٌ.¦Este es un trabajo temporal.
نَعِيشُ فِي سَكَنٍ مُؤَقَّتٍ.¦Vivimos en un alojamiento temporal.
هَذِهِ مُشْكِلَةٌ مُؤَقَّتَةٌ.¦Este es un problema temporal.
الْحَلُّ مُؤَقَّتٌ.¦La solución es temporal.

جَانِبِيٌّ¦Secundario; lateral
لَدَيَّ عَمَلٌ جَانِبِيٌّ.¦Tengo un trabajo adicional.
دَخَلْتُ مِنَ الْبَابِ الْجَانِبِيِّ.¦Entré por la puerta lateral.
هَذَا مَوْضُوعٌ جَانِبِيٌّ.¦Este es un tema secundario.
نَدْرُسُ الْآثَارَ الْجَانِبِيَّةَ.¦Estudiamos los efectos secundarios.

ثَابِتٌ¦Fijo; firme; estable
عِنْدِي دَخْلٌ ثَابِتٌ.¦Tengo ingresos estables.
الْمَوْعِدُ ثَابِتٌ.¦La fecha es fija.
السِّعْرُ ثَابِتٌ.¦El precio es fijo.
هِيَ ثَابِتَةٌ عَلَى مَبَادِئِهَا.¦Ella se mantiene firme en sus principios.

مُنْتَظِمٌ¦Regular
حُضُورُهُ مُنْتَظِمٌ.¦Su asistencia es regular.
أَتَمَرَّنُ بِشَكْلٍ مُنْتَظِمٍ.¦Entreno de forma regular.
لَهَا دَخْلٌ مُنْتَظِمٌ.¦Tiene ingresos regulares.
نَوْمِي مُنْتَظِمٌ.¦Duermo con un horario regular.

قَادِرٌ¦Capaz
أَنَا قَادِرٌ عَلَى التَّعَلُّمِ.¦Soy capaz de aprender.
هِيَ قَادِرَةٌ عَلَى الْعَمَلِ.¦Ella es capaz de trabajar.
لَسْتُ قَادِرًا عَلَى السَّفَرِ الْيَوْمَ.¦No puedo viajar hoy.
هَلْ أَنْتَ قَادِرٌ عَلَى حَلِّ الْمُشْكِلَةِ؟¦¿Puedes resolver el problema?

@Comprensión y conducta¦adjective
مُدْرِكٌ¦Consciente de; conocedor
أَنَا مُدْرِكٌ لِلْمَسْؤُولِيَّةِ.¦Soy consciente de la responsabilidad.
هِيَ مُدْرِكَةٌ لِلْخَطَرِ.¦Ella es consciente del peligro.
هُوَ مُدْرِكٌ لِأَهَمِّيَّةِ الْوَقْتِ.¦Es consciente de la importancia del tiempo.
لَسْتُ مُدْرِكًا لِكُلِّ التَّفَاصِيلِ.¦No conozco todos los detalles.

وَاضِحٌ¦Claro
الشَّرْحُ وَاضِحٌ.¦La explicación es clara.
هَذِهِ صُورَةٌ وَاضِحَةٌ.¦Esta es una imagen nítida.
عِنْدِي هَدَفٌ وَاضِحٌ.¦Tengo un objetivo claro.
كَانَ صَوْتُهُ وَاضِحًا.¦Su voz se oía con claridad.

مُسْتَقِلٌّ¦Independiente
أُرِيدُ أَنْ أَكُونَ مُسْتَقِلًّا.¦Quiero ser independiente.
تَعْمَلُ فِي شَرِكَةٍ مُسْتَقِلَّةٍ.¦Trabaja en una empresa independiente.
لَهُ رَأْيٌ مُسْتَقِلٌّ.¦Tiene una opinión propia.
نَعِيشُ فِي مَنْزِلٍ مُسْتَقِلٍّ.¦Vivimos en una casa independiente.

طَيِّبٌ¦Bueno; amable
أَبِي رَجُلٌ طَيِّبٌ.¦Mi padre es un hombre bueno.
هَذَا طَعَامٌ طَيِّبٌ.¦Esta comida es buena.
قَالَتْ كَلِمَةً طَيِّبَةً.¦Dijo una palabra amable.
رَائِحَةُ الْوَرْدِ طَيِّبَةٌ.¦El olor de las rosas es agradable.

مُرِيحٌ¦Cómodo; relajante
هَذَا كُرْسِيٌّ مُرِيحٌ.¦Esta silla es cómoda.
الْمَشْيُ مُرِيحٌ لِي.¦Caminar me relaja.
هَذِهِ غُرْفَةٌ مُرِيحَةٌ.¦Esta habitación es cómoda.
صَوْتُهَا مُرِيحٌ.¦Su voz es relajante.

مُعَقَّدٌ¦Complicado
هَذَا سُؤَالٌ مُعَقَّدٌ.¦Esta es una pregunta complicada.
الْمُشْكِلَةُ مُعَقَّدَةٌ.¦El problema es complicado.
لَا أُحِبُّ الْخُطَطَ الْمُعَقَّدَةَ.¦No me gustan los planes complicados.
هَذَا بَرْنَامَجٌ مُعَقَّدٌ.¦Este es un programa complicado.

صَالِحٌ¦Bueno; virtuoso; apto
أَتَمَنَّى زَوْجَةً صَالِحَةً.¦Deseo una esposa virtuosa.
هَذَا الْمَاءُ صَالِحٌ لِلشُّرْبِ.¦Esta agua es potable.
هَذَا مَكَانٌ صَالِحٌ لِلدِّرَاسَةِ.¦Este lugar es adecuado para estudiar.
نُرَبِّي أَبْنَاءَنَا لِيَكُونُوا صَالِحِينَ.¦Educamos a nuestros hijos para que sean buenas personas.

دَيِّنٌ¦Piadoso; religioso
هُوَ رَجُلٌ دَيِّنٌ.¦Es un hombre piadoso.
هِيَ امْرَأَةٌ دَيِّنَةٌ.¦Es una mujer piadosa.
أَتَمَنَّى صَدِيقًا دَيِّنًا.¦Deseo un amigo piadoso.
كَانَ جَدِّي دَيِّنًا.¦Mi abuelo era piadoso.

مَمْنُوعٌ¦Prohibido
التَّدْخِينُ مَمْنُوعٌ هُنَا.¦Aquí está prohibido fumar.
الدُّخُولُ مَمْنُوعٌ.¦Está prohibido entrar.
هَذِهِ الْأَشْيَاءُ مَمْنُوعَةٌ فِي الطَّائِرَةِ.¦Estas cosas están prohibidas en el avión.
الْوُقُوفُ مَمْنُوعٌ فِي هَذَا الْمَكَانِ.¦Está prohibido estacionar en este lugar.

سَيِّئٌ¦Malo
هَذَا خَبَرٌ سَيِّئٌ.¦Esta es una mala noticia.
الْجَوُّ سَيِّئٌ الْيَوْمَ.¦Hace mal tiempo hoy.
هَذِهِ عَادَةٌ سَيِّئَةٌ.¦Esta es una mala costumbre.
كَانَ الطَّعَامُ سَيِّئًا.¦La comida era mala.

@Vida actual y disposición¦adjective
حَقِيقِيٌّ¦Real; auténtico
هَذَا ذَهَبٌ حَقِيقِيٌّ.¦Esto es oro auténtico.
هَذِهِ قِصَّةٌ حَقِيقِيَّةٌ.¦Esta es una historia real.
نَحْتَاجُ إِلَى حَلٍّ حَقِيقِيٍّ.¦Necesitamos una solución real.
هُوَ صَدِيقٌ حَقِيقِيٌّ.¦Es un verdadero amigo.

اِفْتِرَاضِيٌّ¦Virtual; hipotético
حَضَرْتُ اجْتِمَاعًا افْتِرَاضِيًّا.¦Asistí a una reunión virtual.
هَذَا عَالَمٌ افْتِرَاضِيٌّ.¦Este es un mundo virtual.
نَدْرُسُ حَالَةً افْتِرَاضِيَّةً.¦Estudiamos un caso hipotético.
تَعَلَّمْنَا فِي فَصْلٍ افْتِرَاضِيٍّ.¦Aprendimos en un aula virtual.

مُنْشَغِلٌ¦Ocupado
أَنَا مُنْشَغِلٌ بِالْعَمَلِ.¦Estoy ocupado con el trabajo.
هِيَ مُنْشَغِلَةٌ بِالدِّرَاسَةِ.¦Ella está ocupada estudiando.
هَلْ أَنْتَ مُنْشَغِلٌ الْآنَ؟¦¿Estás ocupado ahora?
كَانَ أَبِي مُنْشَغِلًا عِنْدَمَا اتَّصَلْتُ.¦Mi padre estaba ocupado cuando llamé.

طَبِيعِيٌّ¦Natural; normal
هَذَا عَصِيرٌ طَبِيعِيٌّ.¦Este es un zumo natural.
الشُّعُورُ بِالْخَوْفِ أَحْيَانًا طَبِيعِيٌّ.¦Sentir miedo a veces es normal.
هَذِهِ رَغْبَةٌ طَبِيعِيَّةٌ.¦Este es un deseo natural.
عَادَتِ الْحَيَاةُ إِلَى وَضْعِهَا الطَّبِيعِيِّ.¦La vida volvió a la normalidad.

كَامِلٌ¦Completo
قَرَأْتُ الْكِتَابَ كَامِلًا.¦Leí el libro entero.
هَذِهِ قَائِمَةٌ كَامِلَةٌ.¦Esta es una lista completa.
نَحْتَاجُ إِلَى يَوْمٍ كَامِلٍ.¦Necesitamos un día entero.
الْعَمَلُ لَيْسَ كَامِلًا بَعْدُ.¦El trabajo aún no está completo.

مُسْتَعِدٌّ¦Preparado; dispuesto
أَنَا مُسْتَعِدٌّ لِلْاِمْتِحَانِ.¦Estoy preparado para el examen.
هِيَ مُسْتَعِدَّةٌ لِلْمُسَاعَدَةِ.¦Ella está dispuesta a ayudar.
هَلْ أَنْتَ مُسْتَعِدٌّ لِلسَّفَرِ؟¦¿Estás preparado para viajar?
نَحْنُ مُسْتَعِدُّونَ لِلْعَمَلِ.¦Estamos preparados para trabajar.

مُشْتَرَكٌ¦Compartido; común
عِنْدَنَا هَدَفٌ مُشْتَرَكٌ.¦Tenemos un objetivo común.
هَذَا عَمَلٌ مُشْتَرَكٌ.¦Este es un trabajo conjunto.
لَنَا اهْتِمَامَاتٌ مُشْتَرَكَةٌ.¦Tenemos intereses comunes.
نَسْتَعْمِلُ مَكْتَبًا مُشْتَرَكًا.¦Usamos un escritorio compartido.

قَلِيلٌ¦Poco; escaso
عِنْدِي وَقْتٌ قَلِيلٌ.¦Tengo poco tiempo.
أَشْرَبُ قَلِيلًا مِنَ الْقَهْوَةِ.¦Bebo un poco de café.
الْعَدَدُ قَلِيلٌ.¦La cantidad es pequeña.
بَقِيَتْ كَلِمَاتٌ قَلِيلَةٌ.¦Quedaron pocas palabras.

قَرِيبٌ¦Cercano
الْمَسْجِدُ قَرِيبٌ.¦La mezquita está cerca.
بَيْتِي قَرِيبٌ مِنَ الْمَدْرَسَةِ.¦Mi casa está cerca de la escuela.
أَتَمَنَّى أَنْ أَرَاكَ فِي وَقْتٍ قَرِيبٍ.¦Espero verte pronto.
هَذِهِ الْقَرْيَةُ قَرِيبَةٌ مِنَ الْمَدِينَةِ.¦Este pueblo está cerca de la ciudad.

حَسَنٌ¦Bueno; hermoso
لَهُ خُلُقٌ حَسَنٌ.¦Tiene buen carácter.
هَذَا عَمَلٌ حَسَنٌ.¦Esta es una buena acción.
قَالَتْ كَلِمَةً حَسَنَةً.¦Dijo una palabra amable.
مَنْظَرُ الْحَدِيقَةِ حَسَنٌ.¦La vista del jardín es hermosa.
